{
  "BTC_zone": {
    "in_zone": true,
    "entry_time": 1758853175.5578523
  },
  "XRP_zone": {
    "in_zone": true,
    "entry_time": 1758853176.6510217
  },
  "BNB_zone": {
    "in_zone": false
  },
  "TRX_zone": {
    "in_zone": false
  },
  "ADA_zone": {
    "in_zone": true,
    "entry_time": 1758853180.3049395
  },
  "SUI_zone": {
    "in_zone": true,
    "entry_time": 1758853181.8963473
  },
  "XLM_zone": {
    "in_zone": true,
    "entry_time": 1758853182.6116722
  },
  "BCH_zone": {
    "in_zone": true,
    "entry_time": 1758853183.3768451
  },
  "HBAR_zone": {
    "in_zone": true,
    "entry_time": 1758853184.1623816
  },
  "LTC_zone": {
    "in_zone": true,
    "entry_time": 1758853185.7553859
  },
  "TON_zone": {
    "in_zone": true,
    "entry_time": 1758856670.9604807
  },
  "SHIB_zone": {
    "in_zone": true,
    "entry_time": 1758853187.2356582
  },
  "DOT_zone": {
    "in_zone": true,
    "entry_time": 1758853188.29541
  },
  "SOL_zone": {
    "in_zone": true,
    "entry_time": 1758857312.4943101
  },
  "DOGE_zone": {
    "in_zone": false
  },
  "LINK_zone": {
    "in_zone": true,
    "entry_time": 1758857314.7559302
  }
}