{
  "BTC_zone": {
    "in_zone": true,
    "entry_time": 1758853175.5578523
  },
  "XRP_zone": {
    "in_zone": true,
    "entry_time": 1758853176.6510217
  },
  "BNB_zone": {
    "in_zone": true,
    "entry_time": 1758853177.4270093
  },
  "TRX_zone": {
    "in_zone": true,
    "entry_time": 1758853179.568196
  },
  "ADA_zone": {
    "in_zone": true,
    "entry_time": 1758853180.3049395
  },
  "SUI_zone": {
    "in_zone": true,
    "entry_time": 1758853181.8963473
  }
}