{
  "BTC_zone": {
    "in_zone": true,
    "entry_time": 1758853175.5578523
  },
  "XRP_zone": {
    "in_zone": true,
    "entry_time": 1758853176.6510217
  },
  "BNB_zone": {
    "in_zone": true,
    "entry_time": 1758853177.4270093
  },
  "TRX_zone": {
    "in_zone": true,
    "entry_time": 1758853179.568196
  },
  "ADA_zone": {
    "in_zone": true,
    "entry_time": 1758853180.3049395
  },
  "SUI_zone": {
    "in_zone": true,
    "entry_time": 1758853181.8963473
  },
  "XLM_zone": {
    "in_zone": true,
    "entry_time": 1758853182.6116722
  },
  "BCH_zone": {
    "in_zone": true,
    "entry_time": 1758853183.3768451
  },
  "HBAR_zone": {
    "in_zone": true,
    "entry_time": 1758853184.1623816
  },
  "LTC_zone": {
    "in_zone": true,
    "entry_time": 1758853185.7553859
  },
  "TON_zone": {
    "in_zone": true,
    "entry_time": 1758853186.4602404
  },
  "SHIB_zone": {
    "in_zone": true,
    "entry_time": 1758853187.2356582
  },
  "DOT_zone": {
    "in_zone": true,
    "entry_time": 1758853188.29541
  }
}