{
  "HUMA": {
    "last_alert_time": 1758971383.1671855
  },
  "USUAL": {
    "last_alert_time": 1758971383.6517305
  },
  "THE": {
    "last_alert_time": 1758971384.5112386
  },
  "ICE": {
    "last_alert_time": 1758971385.4377677
  },
  "XPIN": {
    "last_alert_time": 1758971387.004699
  },
  "YGG": {
    "last_alert_time": 1758975774.2922752
  },
  "SCR": {
    "last_alert_time": 1758975776.264799
  },
  "AI16Z": {
    "last_alert_time": 1758979031.6444635
  },
  "COOKIE": {
    "last_alert_time": 1758979033.410169
  },
  "STAR": {
    "last_alert_time": 1758979037.1568174
  },
  "OPEN": {
    "last_alert_time": 1758982263.3578017
  },
  "CGPT": {
    "last_alert_time": 1758982265.055277
  },
  "HOOK": {
    "last_alert_time": 1758982268.1067696
  },
  "SKL": {
    "last_alert_time": 1758985870.0691862
  },
  "XUSD": {
    "last_alert_time": 1758985873.8025846
  },
  "ILV": {
    "last_alert_time": 1758989674.609992
  },
  "LISTA": {
    "last_alert_time": 1758989675.1753805
  },
  "AVA": {
    "last_alert_time": 1758989677.5618713
  },
  "IN": {
    "last_alert_time": 1758989679.0837657
  },
  "MOODENG": {
    "last_alert_time": 1758993009.3782814
  },
  "USELESS": {
    "last_alert_time": 1758993009.3800113
  },
  "PROVE": {
    "last_alert_time": 1758996980.469291
  },
  "ONE": {
    "last_alert_time": 1758996980.5749693
  },
  "TRB": {
    "last_alert_time": 1758996982.6032922
  },
  "SERAPH": {
    "last_alert_time": 1758996983.3844721
  },
  "PORT3": {
    "last_alert_time": 1758996986.744347
  }
}