{
  "HUMA": {
    "last_alert_time": 1758971383.1671855
  },
  "USUAL": {
    "last_alert_time": 1758971383.6517305
  },
  "THE": {
    "last_alert_time": 1758971384.5112386
  },
  "ICE": {
    "last_alert_time": 1758971385.4377677
  },
  "XPIN": {
    "last_alert_time": 1758971387.004699
  },
  "YGG": {
    "last_alert_time": 1758975774.2922752
  },
  "SCR": {
    "last_alert_time": 1758975776.264799
  }
}